{"mean_fit_time":{"0":26.9193086624,"1":19.5461446762,"2":7.9363447189,"3":11.4815960884,"4":4.1225122452,"5":3.1578442574,"6":3.4331276894,"7":4.5989575863,"8":13.047619009},"std_fit_time":{"0":1.4850929291,"1":0.7245072884,"2":0.2332212197,"3":0.6656080332,"4":0.2645365021,"5":0.2165413575,"6":0.2263082322,"7":0.4409911436,"8":1.0963841646},"mean_score_time":{"0":13.9514672279,"1":11.8506564617,"2":9.5902577877,"3":10.1294724464,"4":7.0973208427,"5":5.7212920666,"6":6.140879488,"7":5.2775640011,"8":3.9662877083},"std_score_time":{"0":1.0353165566,"1":0.997704903,"2":1.1989774822,"3":0.8218236002,"4":0.5928446419,"5":0.5363793313,"6":0.5782919026,"7":0.304227335,"8":0.290919327},"param_C":{"0":1.0,"1":1.0,"2":1.0,"3":316.2277660168,"4":316.2277660168,"5":316.2277660168,"6":100000.0,"7":100000.0,"8":100000.0},"param_decision_function_shape":{"0":"ovo","1":"ovo","2":"ovo","3":"ovo","4":"ovo","5":"ovo","6":"ovo","7":"ovo","8":"ovo"},"param_gamma":{"0":0.0001,"1":0.0031622777,"2":0.1,"3":0.0001,"4":0.0031622777,"5":0.1,"6":0.0001,"7":0.0031622777,"8":0.1},"param_kernel":{"0":"rbf","1":"rbf","2":"rbf","3":"rbf","4":"rbf","5":"rbf","6":"rbf","7":"rbf","8":"rbf"},"params":{"0":{"C":1.0,"decision_function_shape":"ovo","gamma":0.0001,"kernel":"rbf"},"1":{"C":1.0,"decision_function_shape":"ovo","gamma":0.0031622777,"kernel":"rbf"},"2":{"C":1.0,"decision_function_shape":"ovo","gamma":0.1,"kernel":"rbf"},"3":{"C":316.2277660168,"decision_function_shape":"ovo","gamma":0.0001,"kernel":"rbf"},"4":{"C":316.2277660168,"decision_function_shape":"ovo","gamma":0.0031622777,"kernel":"rbf"},"5":{"C":316.2277660168,"decision_function_shape":"ovo","gamma":0.1,"kernel":"rbf"},"6":{"C":100000.0,"decision_function_shape":"ovo","gamma":0.0001,"kernel":"rbf"},"7":{"C":100000.0,"decision_function_shape":"ovo","gamma":0.0031622777,"kernel":"rbf"},"8":{"C":100000.0,"decision_function_shape":"ovo","gamma":0.1,"kernel":"rbf"}},"split0_test_score":{"0":0.3703403408,"1":0.3946033801,"2":0.3615875363,"3":0.3407712142,"4":0.3838097581,"5":0.3839458164,"6":0.4136510169,"7":0.3954197325,"8":0.3597281428},"split1_test_score":{"0":0.260241777,"1":0.2978813296,"2":0.3120531289,"3":0.3099569769,"4":0.3293691406,"5":0.3506496049,"6":0.3496470986,"7":0.3412169364,"8":0.3488724334},"split2_test_score":{"0":0.340368143,"1":0.3680016218,"2":0.3498919688,"3":0.358766421,"4":0.3665586335,"5":0.366414335,"6":0.3624100069,"7":0.3585860548,"8":0.3322512921},"split3_test_score":{"0":0.2722193684,"1":0.2984741942,"2":0.312337044,"3":0.3015262334,"4":0.335135347,"5":0.3210886543,"6":0.3447326967,"7":0.3241039127,"8":0.3491085002},"split4_test_score":{"0":0.2865265933,"1":0.3299374452,"2":0.3331858849,"3":0.3318200647,"4":0.3331120586,"5":0.3266151982,"6":0.3358436922,"7":0.3210781014,"8":0.2939832415},"mean_test_score":{"0":0.3059392445,"1":0.3377795942,"2":0.3338111126,"3":0.328568182,"4":0.3495969876,"5":0.3497427217,"6":0.3612569023,"7":0.3480809476,"8":0.336788722},"std_test_score":{"0":0.0422728988,"1":0.0383160512,"2":0.0198245304,"3":0.0207319382,"4":0.0216714966,"5":0.0236835586,"6":0.0275686091,"7":0.0272120723,"8":0.0231383123},"rank_test_score":{"0":9,"1":5,"2":7,"3":8,"4":3,"5":2,"6":1,"7":4,"8":6}}