{"mean_fit_time":{"0":0.3233310223,"1":0.2409614563,"2":0.7459958553,"3":8.2098806858},"std_fit_time":{"0":0.0168178925,"1":0.0259881241,"2":0.0580070897,"3":1.2656839403},"mean_score_time":{"0":0.2984679222,"1":0.1436701298,"2":0.200976038,"3":0.0467333317},"std_score_time":{"0":0.0261906353,"1":0.0122249081,"2":0.0167297366,"3":0.0111393802},"param_C":{"0":10.0,"1":10.0,"2":100000.0,"3":100000.0},"param_decision_function_shape":{"0":"ovo","1":"ovo","2":"ovo","3":"ovo"},"param_gamma":{"0":0.0001,"1":1.0,"2":0.0001,"3":1.0},"param_kernel":{"0":"rbf","1":"rbf","2":"rbf","3":"rbf"},"params":{"0":{"C":10.0,"decision_function_shape":"ovo","gamma":0.0001,"kernel":"rbf"},"1":{"C":10.0,"decision_function_shape":"ovo","gamma":1.0,"kernel":"rbf"},"2":{"C":100000.0,"decision_function_shape":"ovo","gamma":0.0001,"kernel":"rbf"},"3":{"C":100000.0,"decision_function_shape":"ovo","gamma":1.0,"kernel":"rbf"}},"split0_test_score":{"0":0.7339730645,"1":0.3040308075,"2":0.7927062586,"3":0.4819869377},"split1_test_score":{"0":0.7289854278,"1":0.3057972246,"2":0.7927535283,"3":0.6312914803},"split2_test_score":{"0":0.7556404674,"1":0.2948375701,"2":0.8221796516,"3":0.4431375288},"split3_test_score":{"0":0.7288460748,"1":0.3100962783,"2":0.8182691302,"3":0.3100962783},"split4_test_score":{"0":0.7536121001,"1":0.2885932475,"2":0.8277565727,"3":0.3223026201},"mean_test_score":{"0":0.7402114269,"1":0.3006710256,"2":0.8107330283,"3":0.4377629691},"std_test_score":{"0":0.0119310082,"1":0.0078269198,"2":0.0150056384,"3":0.1175311074},"rank_test_score":{"0":2,"1":4,"2":1,"3":3}}