{"mean_fit_time":{"0":0.2699334145,"1":0.5215882778},"std_fit_time":{"0":0.0211838071,"1":0.1126856718},"mean_score_time":{"0":0.2365783691,"1":0.097682476},"std_score_time":{"0":0.0166013405,"1":0.0294855096},"param_C":{"0":10.0,"1":100000.0},"param_decision_function_shape":{"0":"ovo","1":"ovo"},"param_gamma":{"0":0.0001,"1":0.0001},"param_kernel":{"0":"rbf","1":"rbf"},"params":{"0":{"C":10.0,"decision_function_shape":"ovo","gamma":0.0001,"kernel":"rbf"},"1":{"C":100000.0,"decision_function_shape":"ovo","gamma":0.0001,"kernel":"rbf"}},"split0_test_score":{"0":0.8189572941,"1":0.8454975722},"split1_test_score":{"0":0.8204275011,"1":0.8565320056},"split2_test_score":{"0":0.8246153414,"1":0.8792307155},"split3_test_score":{"0":0.8226562065,"1":0.8757811961},"split4_test_score":{"0":0.8316190035,"1":0.8663348664},"mean_test_score":{"0":0.8236550693,"1":0.8646752712},"std_test_score":{"0":0.0044233559,"1":0.0124262118},"rank_test_score":{"0":2,"1":1}}