{"mean_fit_time":{"0":36.1468864918,"1":17.1649862766,"2":44.813229847,"3":55.6819875717},"std_fit_time":{"0":1.0030712736,"1":1.2733747303,"2":2.3939471634,"3":11.1493306357},"mean_score_time":{"0":24.8436422825,"1":19.0938688755,"2":29.6531209946,"3":11.7323954582},"std_score_time":{"0":0.5943578555,"1":0.9804473677,"2":2.9895230375,"3":4.7037520618},"param_C":{"0":100.0,"1":100.0,"2":10000.0,"3":10000.0},"param_gamma":{"0":0.001,"1":0.1,"2":0.001,"3":0.1},"params":{"0":{"C":100.0,"gamma":0.001},"1":{"C":100.0,"gamma":0.1},"2":{"C":10000.0,"gamma":0.001},"3":{"C":10000.0,"gamma":0.1}},"split0_test_score":{"0":0.2551587302,"1":0.5567460317,"2":0.3626984127,"3":0.6347222222},"split1_test_score":{"0":0.2531746032,"1":0.5954365079,"2":0.3672619048,"3":0.6648809524},"split2_test_score":{"0":0.2553571429,"1":0.5720238095,"2":0.3704365079,"3":0.6474206349},"split3_test_score":{"0":0.2553571429,"1":0.5720238095,"2":0.3744047619,"3":0.643452381},"split4_test_score":{"0":0.2595238095,"1":0.5803571429,"2":0.3787698413,"3":0.6543650794},"mean_test_score":{"0":0.2557142857,"1":0.5753174603,"2":0.3707142857,"3":0.648968254},"std_test_score":{"0":0.0020749074,"1":0.0126235392,"2":0.0055634864,"3":0.0101794803},"rank_test_score":{"0":4,"1":2,"2":3,"3":1}}