{"mean_fit_time":{"0":26.211368084,"1":17.4092823029,"2":8.7375665665,"3":10.9464210987,"4":5.1527484417,"5":5.0455042839,"6":7.1273318291,"7":19.1779036522,"8":87.3142341137},"std_fit_time":{"0":1.3192733083,"1":0.7632070774,"2":0.508568685,"3":0.9899835527,"4":0.2653930613,"5":0.3078924758,"6":0.561516131,"7":3.0961996312,"8":7.6051283188},"mean_score_time":{"0":13.2459340572,"1":11.5696609974,"2":9.092247057,"3":9.2512237072,"4":5.9791715622,"5":4.7072413921,"6":5.3531865597,"7":4.360579586,"8":3.4385660648},"std_score_time":{"0":1.0243603933,"1":1.2159710102,"2":0.7825673221,"3":0.6183622843,"4":0.4907385126,"5":0.3633967653,"6":0.6802975329,"7":0.3167742405,"8":0.333232649},"param_C":{"0":1.0,"1":1.0,"2":1.0,"3":316.2277660168,"4":316.2277660168,"5":316.2277660168,"6":100000.0,"7":100000.0,"8":100000.0},"param_decision_function_shape":{"0":"ovo","1":"ovo","2":"ovo","3":"ovo","4":"ovo","5":"ovo","6":"ovo","7":"ovo","8":"ovo"},"param_gamma":{"0":0.0001,"1":0.0031622777,"2":0.1,"3":0.0001,"4":0.0031622777,"5":0.1,"6":0.0001,"7":0.0031622777,"8":0.1},"param_kernel":{"0":"rbf","1":"rbf","2":"rbf","3":"rbf","4":"rbf","5":"rbf","6":"rbf","7":"rbf","8":"rbf"},"params":{"0":{"C":1.0,"decision_function_shape":"ovo","gamma":0.0001,"kernel":"rbf"},"1":{"C":1.0,"decision_function_shape":"ovo","gamma":0.0031622777,"kernel":"rbf"},"2":{"C":1.0,"decision_function_shape":"ovo","gamma":0.1,"kernel":"rbf"},"3":{"C":316.2277660168,"decision_function_shape":"ovo","gamma":0.0001,"kernel":"rbf"},"4":{"C":316.2277660168,"decision_function_shape":"ovo","gamma":0.0031622777,"kernel":"rbf"},"5":{"C":316.2277660168,"decision_function_shape":"ovo","gamma":0.1,"kernel":"rbf"},"6":{"C":100000.0,"decision_function_shape":"ovo","gamma":0.0001,"kernel":"rbf"},"7":{"C":100000.0,"decision_function_shape":"ovo","gamma":0.0031622777,"kernel":"rbf"},"8":{"C":100000.0,"decision_function_shape":"ovo","gamma":0.1,"kernel":"rbf"}},"split0_test_score":{"0":0.0490705794,"1":0.1663494883,"2":0.2624946108,"3":0.4699321597,"4":0.350703201,"5":0.336689592,"6":0.4342405804,"7":0.3640365262,"8":0.6678005362},"split1_test_score":{"0":0.0931422307,"1":0.1851905312,"2":0.2672593364,"3":0.2881752634,"4":0.4701756469,"5":0.4262020659,"6":0.4034178776,"7":0.5482343984,"8":0.4534975598},"split2_test_score":{"0":0.0785716544,"1":0.1751084492,"2":0.3828645364,"3":0.3605340985,"4":0.3860752301,"5":0.2559165286,"6":0.4198414535,"7":0.4309886238,"8":0.3362916714},"split3_test_score":{"0":0.0868544312,"1":0.2070971207,"2":0.3961391822,"3":0.2968562651,"4":0.4074648018,"5":0.4294541104,"6":0.3963598246,"7":0.6719618492,"8":0.3079244546},"split4_test_score":{"0":0.0721301685,"1":0.1795498786,"2":0.2759692163,"3":0.2999263879,"4":0.4225915457,"5":0.2744926515,"6":0.4657070685,"7":0.3990035054,"8":0.2655225529},"mean_test_score":{"0":0.0759538128,"1":0.1826590936,"2":0.3169453764,"3":0.3430848349,"4":0.4074020851,"5":0.3445509897,"6":0.4239133609,"7":0.4828449806,"8":0.406207355},"std_test_score":{"0":0.0152213454,"1":0.0136843562,"2":0.0595476761,"3":0.0684244311,"4":0.0396001058,"5":0.0730773264,"6":0.0246949715,"7":0.1130264478,"8":0.1449188054},"rank_test_score":{"0":9,"1":8,"2":7,"3":6,"4":3,"5":5,"6":2,"7":1,"8":4}}