{"mean_fit_time":{"0":12.3691811085},"std_fit_time":{"0":0.2105855035},"mean_score_time":{"0":13.3778683662},"std_score_time":{"0":0.1787282493},"param_C":{"0":1000},"param_gamma":{"0":0.01},"params":{"0":{"C":1000,"gamma":0.01}},"split0_test_score":{"0":0.6236111111},"split1_test_score":{"0":0.6369047619},"split2_test_score":{"0":0.6454365079},"split3_test_score":{"0":0.6412698413},"split4_test_score":{"0":0.6293650794},"mean_test_score":{"0":0.6353174603},"std_test_score":{"0":0.0079096769},"rank_test_score":{"0":1}}