{"mean_fit_time":{"0":0.2980271816,"1":0.2220701218,"2":0.7557467461,"3":7.608468914},"std_fit_time":{"0":0.0145538473,"1":0.0230480813,"2":0.0786716207,"3":0.7031412651},"mean_score_time":{"0":0.2507423878,"1":0.1547438622,"2":0.2001457214,"3":0.0451117039},"std_score_time":{"0":0.0134675163,"1":0.0187080618,"2":0.0125173848,"3":0.0043243523},"param_C":{"0":10.0,"1":10.0,"2":100000.0,"3":100000.0},"param_decision_function_shape":{"0":"ovo","1":"ovo","2":"ovo","3":"ovo"},"param_gamma":{"0":0.0001,"1":1.0,"2":0.0001,"3":1.0},"param_kernel":{"0":"rbf","1":"rbf","2":"rbf","3":"rbf"},"params":{"0":{"C":10.0,"decision_function_shape":"ovo","gamma":0.0001,"kernel":"rbf"},"1":{"C":10.0,"decision_function_shape":"ovo","gamma":1.0,"kernel":"rbf"},"2":{"C":100000.0,"decision_function_shape":"ovo","gamma":0.0001,"kernel":"rbf"},"3":{"C":100000.0,"decision_function_shape":"ovo","gamma":1.0,"kernel":"rbf"}},"split0_test_score":{"0":0.8403041368,"1":0.1961979052,"2":0.8783269433,"3":0.3639011565},"split1_test_score":{"0":0.8275727713,"1":0.2011652439,"2":0.7937651461,"3":0.2011652439},"split2_test_score":{"0":0.8236966295,"1":0.1990523686,"2":0.8881515905,"3":0.1990523686},"split3_test_score":{"0":0.8145881848,"1":0.2023531793,"2":0.8701175835,"3":0.411697621},"split4_test_score":{"0":0.8140624582,"1":0.2015626969,"2":0.8624999487,"3":0.2015626969},"mean_test_score":{"0":0.8240448361,"1":0.2000662788,"2":0.8585722424,"3":0.2754758174},"std_test_score":{"0":0.0096541034,"1":0.0022212264,"2":0.0335078127,"3":0.092952864},"rank_test_score":{"0":2,"1":4,"2":1,"3":3}}