{"mean_fit_time":{"0":25.6942735672},"std_fit_time":{"0":1.2538342866},"mean_score_time":{"0":21.5334224701},"std_score_time":{"0":1.547515134},"param_C":{"0":100.0},"param_gamma":{"0":0.001},"params":{"0":{"C":100.0,"gamma":0.001}},"split0_test_score":{"0":0.2369614512},"split1_test_score":{"0":0.3417634997},"split2_test_score":{"0":0.3039321789},"split3_test_score":{"0":0.3537414966},"split4_test_score":{"0":0.2740863787},"mean_test_score":{"0":0.302097001},"std_test_score":{"0":0.0430608586},"rank_test_score":{"0":1}}