{"mean_fit_time":{"0":34.368223381},"std_fit_time":{"0":0.2752704657},"mean_score_time":{"0":17.1119627476},"std_score_time":{"0":0.1767181728},"param_gamma":{"0":0.0151991108},"param_C":{"0":196.304065004},"params":{"0":{"gamma":0.0151991108,"C":196.304065004}},"split0_test_score":{"0":0.4523809524},"split1_test_score":{"0":0.4670634921},"split2_test_score":{"0":0.4573412698},"split3_test_score":{"0":0.4615079365},"split4_test_score":{"0":0.4670634921},"mean_test_score":{"0":0.4610714286},"std_test_score":{"0":0.0056822293},"rank_test_score":{"0":1}}