{"mean_fit_time":{"0":14.562815237},"std_fit_time":{"0":0.1180813028},"mean_score_time":{"0":13.2245096684},"std_score_time":{"0":0.1915978986},"param_C":{"0":100.0},"param_gamma":{"0":0.001},"params":{"0":{"C":100.0,"gamma":0.001}},"split0_test_score":{"0":0.5648809524},"split1_test_score":{"0":0.5674603175},"split2_test_score":{"0":0.5771825397},"split3_test_score":{"0":0.5746031746},"split4_test_score":{"0":0.566468254},"mean_test_score":{"0":0.5701190476},"std_test_score":{"0":0.0048545875},"rank_test_score":{"0":1}}