{"mean_fit_time":{"0":15.4084660053},"std_fit_time":{"0":0.5985656824},"mean_score_time":{"0":6.5516153336},"std_score_time":{"0":0.1910995192},"param_gamma":{"0":0.4328761281},"param_C":{"0":3199.2671377974},"params":{"0":{"gamma":0.4328761281,"C":3199.2671377974}},"split0_test_score":{"0":0.8537698413},"split1_test_score":{"0":0.858531746},"split2_test_score":{"0":0.8513888889},"split3_test_score":{"0":0.8625},"split4_test_score":{"0":0.8541666667},"mean_test_score":{"0":0.8560714286},"std_test_score":{"0":0.0039555352},"rank_test_score":{"0":1}}